style	before_fail	after_fail
1.1	0	0
1.2	0	0
1.3	0	0
1.4	0	0
2.1	0	0
2.2	0	0
2.3	3	0
2.4	0	0
3.1	0	0
3.2	0	0
3.3	0	0
3.4	0	0
4.1	0	0
4.2	0	0
4.3	0	0
4.4	0	0
6.1	0	0
6.2	0	0
6.3	2	0
6.4	0	0
7.1	1	0
7.2	0	0
7.3	0	0
7.4	0	0
7.5	0	0
7.6	0	0
7.7	0	0
7.8	1	0
7.9	0	0
7.10	0	0
7.11	0	0
7.12	0	0
7.13	0	0
7.14	0	0
9.1	17	0
9.2	0	0
10.1	0	0
10.2	0	0
10.3	0	0
10.4	0	0
14.1	0	0
14.2	0	0
15.1	0	0
15.2	0	0
16.1	0	0
16.2	0	0
17.1	0	0
17.2	0	0
18.1	0	0
18.2	0	0
19.1	0	0
19.2	0	0
20.1	0	0
20.2	3	0
21.1	0	0
21.2	0	0
40.1	0	0
40.2	0	0
41.1	0	0
41.2	0	0
42.1	0	0
42.2	0	0
43.1	0	0
43.2	0	0
45.1	0	0
45.2	0	0
