id	style	before_fix	after_fix
codenet_python_human/p00391	2.3	syntax_error	compiles
codenet_python_human/p02298	2.3	glued_name:returnlist	compiles
codenet_python_human/p00963	6.3	syntax_error	compiles
codenet_python_human/p01983	2.3	glued_name:returnlist	unchanged
codenet_python_human/p03463	6.3	syntax_error	compiles
codenet_python_human/p01470	7.8	syntax_error	unchanged
codenet_python_human/p00600	20.2	syntax_error	unchanged
codenet_python_human/p03285	20.2	syntax_error	unchanged
codenet_python_human/p02270	20.2	syntax_error	unchanged
