id	style	before_fix	after_fix	recorded_codenet_result
codenet_c_human/p00068	5.3	REWRITTEN_COMPILE_ERROR	REWRITTEN_SAME_OUTPUT	COMPILE_ERROR
codenet_c_human/p00124	5.3	REWRITTEN_COMPILE_ERROR	REWRITTEN_SAME_OUTPUT	COMPILE_ERROR
codenet_c_human/p00136	5.3	REWRITTEN_COMPILE_ERROR	REWRITTEN_SAME_OUTPUT	COMPILE_ERROR
codenet_c_human/p00204	5.3	REWRITTEN_COMPILE_ERROR	REWRITTEN_SAME_OUTPUT	COMPILE_ERROR
codenet_c_human/p00314	5.3	REWRITTEN_COMPILE_ERROR	REWRITTEN_SAME_OUTPUT	COMPILE_ERROR
codenet_c_human/p00344	5.3	REWRITTEN_COMPILE_ERROR	REWRITTEN_SAME_OUTPUT	COMPILE_ERROR
codenet_c_human/p00602	5.1	REWRITTEN_SAME_OUTPUT	UNCHANGED	FAIL(RE)
codenet_c_human/p01074	5.3	REWRITTEN_COMPILE_ERROR	REWRITTEN_SAME_OUTPUT	COMPILE_ERROR
codenet_c_human/p01283	5.3	REWRITTEN_COMPILE_ERROR	REWRITTEN_SAME_OUTPUT	COMPILE_ERROR
codenet_c_human/p01984	2.2	REWRITTEN_BEHAVIOUR_DIFFERS(0,1,2,3,4,5,7,8,9,10)	REWRITTEN_SAME_OUTPUT	FAIL(WA)
codenet_c_human/p02360	5.3	REWRITTEN_COMPILE_ERROR	REWRITTEN_SAME_OUTPUT	COMPILE_ERROR
codenet_c_human/p02876	2.9	REWRITTEN_BEHAVIOUR_DIFFERS(3)	REWRITTEN_BEHAVIOUR_DIFFERS(3)	FAIL(WA)
codenet_c_human/p02883	5.3	REWRITTEN_COMPILE_ERROR	REWRITTEN_SAME_OUTPUT	COMPILE_ERROR
codenet_c_human/p03000	5.1	REWRITTEN_BEHAVIOUR_DIFFERS(9)	UNCHANGED	FAIL(WA)
codenet_c_human/p03185	5.3	REWRITTEN_COMPILE_ERROR	REWRITTEN_SAME_OUTPUT	COMPILE_ERROR
codenet_c_human/p03497	5.3	REWRITTEN_COMPILE_ERROR	UNCHANGED	COMPILE_ERROR
codenet_c_human/p03611	5.3	REWRITTEN_COMPILE_ERROR	REWRITTEN_SAME_OUTPUT	COMPILE_ERROR
codenet_c_human/p03720	5.3	REWRITTEN_COMPILE_ERROR	REWRITTEN_SAME_OUTPUT	COMPILE_ERROR
codenet_cpp_generated/p01843	2.7	REWRITTEN_COMPILE_ERROR	REWRITTEN_SAME_OUTPUT	COMPILE_ERROR
codenet_cpp_human/p00028	9.4	REWRITTEN_BEHAVIOUR_DIFFERS(0,1,2,3,4,5,6,7,8,9,10)	UNCHANGED	TIMEOUT
codenet_cpp_human/p00057	9.1	REWRITTEN_COMPILE_ERROR	UNCHANGED	COMPILE_ERROR
codenet_cpp_human/p00058	9.4	REWRITTEN_BEHAVIOUR_DIFFERS(0,1,2,3,4,5,6,7,8,9,10)	UNCHANGED	FAIL(RE)
codenet_cpp_human/p00081	9.3	REWRITTEN_COMPILE_ERROR	UNCHANGED	COMPILE_ERROR
codenet_cpp_human/p00115	9.3	REWRITTEN_COMPILE_ERROR	UNCHANGED	COMPILE_ERROR
codenet_cpp_human/p00149	4.5	REWRITTEN_COMPILE_ERROR	UNCHANGED	COMPILE_ERROR
codenet_cpp_human/p00161	9.1	REWRITTEN_COMPILE_ERROR	UNCHANGED	COMPILE_ERROR
codenet_cpp_human/p00191	4.5	REWRITTEN_COMPILE_ERROR	UNCHANGED	COMPILE_ERROR
codenet_cpp_human/p00341	4.1	REWRITTEN_COMPILE_ERROR	UNCHANGED	COMPILE_ERROR
codenet_cpp_human/p00353	9.1	REWRITTEN_COMPILE_ERROR	UNCHANGED	COMPILE_ERROR
codenet_cpp_human/p00353	9.3	REWRITTEN_COMPILE_ERROR	UNCHANGED	COMPILE_ERROR
codenet_cpp_human/p00877	2.1	REWRITTEN_COMPILE_ERROR	UNCHANGED	COMPILE_ERROR
codenet_cpp_human/p00880	2.1	REWRITTEN_COMPILE_ERROR	UNCHANGED	COMPILE_ERROR
codenet_cpp_human/p00880	2.6	REWRITTEN_COMPILE_ERROR	UNCHANGED	COMPILE_ERROR
codenet_cpp_human/p00963	9.4	REWRITTEN_BEHAVIOUR_DIFFERS(0,1,2,3,4,5,6,7,8,9,10)	UNCHANGED	FAIL(RE)
codenet_cpp_human/p00973	2.1	REWRITTEN_COMPILE_ERROR	UNCHANGED	COMPILE_ERROR
codenet_cpp_human/p00973	2.3	REWRITTEN_COMPILE_ERROR	UNCHANGED	COMPILE_ERROR
codenet_cpp_human/p01008	9.4	REWRITTEN_BEHAVIOUR_DIFFERS(0,1,2,3,4,5,6,7,8,9,10)	UNCHANGED	FAIL(RE)
codenet_cpp_human/p01277	2.1	REWRITTEN_COMPILE_ERROR	UNCHANGED	COMPILE_ERROR
codenet_cpp_human/p01283	9.3	REWRITTEN_COMPILE_ERROR	UNCHANGED	COMPILE_ERROR
codenet_cpp_human/p01418	9.1	REWRITTEN_COMPILE_ERROR	UNCHANGED	COMPILE_ERROR
codenet_cpp_human/p01498	4.1	REWRITTEN_COMPILE_ERROR	UNCHANGED	COMPILE_ERROR
codenet_cpp_human/p01538	4.1	REWRITTEN_COMPILE_ERROR	UNCHANGED	COMPILE_ERROR
codenet_cpp_human/p01538	9.4	REWRITTEN_BEHAVIOUR_DIFFERS(0,1,2,3,4,5,6,7,8,9,10)	UNCHANGED	TIMEOUT
codenet_cpp_human/p01708	2.1	REWRITTEN_COMPILE_ERROR	UNCHANGED	COMPILE_ERROR
codenet_cpp_human/p01721	2.1	REWRITTEN(original does not build here; rewrite does not build)	UNCHANGED	COMPILE_ERROR
codenet_cpp_human/p01721	2.3	REWRITTEN(original does not build here; rewrite does not build)	UNCHANGED	COMPILE_ERROR
codenet_cpp_human/p01795	2.1	REWRITTEN(original does not build here; rewrite does not build)	UNCHANGED	TIMEOUT
codenet_cpp_human/p01843	9.4	REWRITTEN_BEHAVIOUR_DIFFERS(4)	REWRITTEN_SAME_OUTPUT	FAIL(WA)
codenet_cpp_human/p01885	4.1	REWRITTEN_COMPILE_ERROR	UNCHANGED	COMPILE_ERROR
codenet_cpp_human/p02116	4.5	REWRITTEN_COMPILE_ERROR	UNCHANGED	COMPILE_ERROR
codenet_cpp_human/p02150	4.1	REWRITTEN_COMPILE_ERROR	UNCHANGED	COMPILE_ERROR
codenet_cpp_human/p02150	9.4	REWRITTEN_BEHAVIOUR_DIFFERS(0,1,2,3,4,5,6,7,8,9,10)	UNCHANGED	FAIL(WA)
codenet_cpp_human/p02270	4.5	REWRITTEN_COMPILE_ERROR	UNCHANGED	COMPILE_ERROR
codenet_cpp_human/p02289	9.4	REWRITTEN_BEHAVIOUR_DIFFERS(0,1,2,3,4,5,6,7,8,9,10)	REWRITTEN_SAME_OUTPUT	FAIL(RE)
codenet_cpp_human/p02292	2.12	REWRITTEN(original does not build here; rewrite does not build)	UNCHANGED	COMPILE_ERROR
codenet_cpp_human/p02292	2.3	REWRITTEN(original does not build here; rewrite does not build)	UNCHANGED	COMPILE_ERROR
codenet_cpp_human/p02292	2.7	REWRITTEN(original does not build here; rewrite does not build)	UNCHANGED	COMPILE_ERROR
codenet_cpp_human/p02303	2.1	REWRITTEN_COMPILE_ERROR	UNCHANGED	COMPILE_ERROR
codenet_cpp_human/p02304	2.1	REWRITTEN(original does not build here; rewrite does not build)	UNCHANGED	COMPILE_ERROR
codenet_cpp_human/p02304	2.3	REWRITTEN(original does not build here; rewrite does not build)	UNCHANGED	COMPILE_ERROR
codenet_cpp_human/p02305	2.1	REWRITTEN_COMPILE_ERROR	UNCHANGED	COMPILE_ERROR
codenet_cpp_human/p02312	2.3	REWRITTEN(original does not build here; rewrite does not build)	UNCHANGED	COMPILE_ERROR
codenet_cpp_human/p02317	4.1	REWRITTEN_COMPILE_ERROR	UNCHANGED	COMPILE_ERROR
codenet_cpp_human/p02328	9.1	REWRITTEN_COMPILE_ERROR	UNCHANGED	COMPILE_ERROR
codenet_cpp_human/p02441	9.4	REWRITTEN_BEHAVIOUR_DIFFERS(0,1,2,3,4,5,6,7,8,9,10)	UNCHANGED	FAIL(RE)
codenet_cpp_human/p02474	2.1	REWRITTEN(original does not build here; rewrite does not build)	UNCHANGED	COMPILE_ERROR
codenet_cpp_human/p02584	4.5	REWRITTEN_COMPILE_ERROR	UNCHANGED	COMPILE_ERROR
codenet_cpp_human/p02584	9.4	REWRITTEN_BEHAVIOUR_DIFFERS(0,1,2,3,4,5,6,7,8,9,10)	UNCHANGED	FAIL(WA)
codenet_cpp_human/p02661	4.1	REWRITTEN_COMPILE_ERROR	UNCHANGED	COMPILE_ERROR
codenet_cpp_human/p02679	4.1	REWRITTEN_COMPILE_ERROR	UNCHANGED	COMPILE_ERROR
codenet_cpp_human/p02683	4.1	REWRITTEN_COMPILE_ERROR	UNCHANGED	COMPILE_ERROR
codenet_cpp_human/p02722	4.1	REWRITTEN_COMPILE_ERROR	UNCHANGED	COMPILE_ERROR
codenet_cpp_human/p02746	4.1	REWRITTEN(original does not build here; rewrite does not build)	UNCHANGED	COMPILE_ERROR
codenet_cpp_human/p02760	9.4	REWRITTEN_BEHAVIOUR_DIFFERS(1,2,3,4,5,7,8,9,10)	UNCHANGED	TIMEOUT
codenet_cpp_human/p02777	9.4	REWRITTEN_BEHAVIOUR_DIFFERS(0,1,2,3,4,5,6,7,8,9,10)	REWRITTEN_SAME_OUTPUT	FAIL(RE)
codenet_cpp_human/p02785	4.5	REWRITTEN_COMPILE_ERROR	UNCHANGED	COMPILE_ERROR
codenet_cpp_human/p02785	9.2	REWRITTEN_BEHAVIOUR_DIFFERS(6,7,8)	UNCHANGED	FAIL(WA)
codenet_cpp_human/p02946	4.1	REWRITTEN_COMPILE_ERROR	UNCHANGED	COMPILE_ERROR
codenet_cpp_human/p02953	9.4	REWRITTEN_BEHAVIOUR_DIFFERS(10)	REWRITTEN_BEHAVIOUR_DIFFERS(10)	FAIL(WA)
codenet_cpp_human/p02973	4.1	REWRITTEN_COMPILE_ERROR	UNCHANGED	COMPILE_ERROR
codenet_cpp_human/p02980	4.5	REWRITTEN_COMPILE_ERROR	UNCHANGED	COMPILE_ERROR
codenet_cpp_human/p03005	9.1	REWRITTEN_COMPILE_ERROR	UNCHANGED	COMPILE_ERROR
codenet_cpp_human/p03009	9.4	REWRITTEN_BEHAVIOUR_DIFFERS(0,1,2,3,4,5,6,7,8,9,10)	UNCHANGED	FAIL(RE)
codenet_cpp_human/p03035	9.1	REWRITTEN_COMPILE_ERROR	UNCHANGED	COMPILE_ERROR
codenet_cpp_human/p03107	9.4	REWRITTEN_BEHAVIOUR_DIFFERS(0,1,2,3,4,5,6,7,8,9,10)	UNCHANGED	FAIL(RE)
codenet_cpp_human/p03161	4.5	REWRITTEN_COMPILE_ERROR	UNCHANGED	COMPILE_ERROR
codenet_cpp_human/p03161	9.4	REWRITTEN_BEHAVIOUR_DIFFERS(0,1,2,3,4,5,6,7,8,9,10)	UNCHANGED	FAIL(RE)
codenet_cpp_human/p03162	9.4	REWRITTEN_BEHAVIOUR_DIFFERS(0,1,2,3,4,5,6,7,8,9,10)	UNCHANGED	FAIL(WA)
codenet_cpp_human/p03232	22.1	REWRITTEN_COMPILE_ERROR	UNCHANGED	COMPILE_ERROR
codenet_cpp_human/p03232	4.5	REWRITTEN_COMPILE_ERROR	UNCHANGED	COMPILE_ERROR
codenet_cpp_human/p03313	7.7	REWRITTEN_BEHAVIOUR_DIFFERS(0,1,2,3,4,5,6,7,8,9,10)	UNCHANGED	FAIL(WA)
codenet_cpp_human/p03363	4.5	REWRITTEN_COMPILE_ERROR	UNCHANGED	COMPILE_ERROR
codenet_cpp_human/p03366	4.5	REWRITTEN_COMPILE_ERROR	UNCHANGED	COMPILE_ERROR
codenet_cpp_human/p03409	9.1	REWRITTEN_COMPILE_ERROR	UNCHANGED	COMPILE_ERROR
codenet_cpp_human/p03459	4.5	REWRITTEN_COMPILE_ERROR	UNCHANGED	COMPILE_ERROR
codenet_cpp_human/p03464	4.1	REWRITTEN_COMPILE_ERROR	UNCHANGED	COMPILE_ERROR
codenet_cpp_human/p03510	4.5	REWRITTEN_COMPILE_ERROR	UNCHANGED	COMPILE_ERROR
codenet_cpp_human/p03564	4.1	REWRITTEN_COMPILE_ERROR	UNCHANGED	COMPILE_ERROR
codenet_cpp_human/p03566	4.5	REWRITTEN_COMPILE_ERROR	UNCHANGED	COMPILE_ERROR
codenet_cpp_human/p03588	4.1	REWRITTEN_COMPILE_ERROR	UNCHANGED	COMPILE_ERROR
codenet_cpp_human/p03588	9.2	REWRITTEN_BEHAVIOUR_DIFFERS(6,7)	UNCHANGED	FAIL(WA)
codenet_cpp_human/p03600	9.4	REWRITTEN_BEHAVIOUR_DIFFERS(0,1,2,3,4,5,6,7,8,9,10)	UNCHANGED	FAIL(WA)
codenet_cpp_human/p03649	4.5	REWRITTEN_COMPILE_ERROR	UNCHANGED	COMPILE_ERROR
codenet_cpp_human/p03694	9.1	REWRITTEN_COMPILE_ERROR	UNCHANGED	COMPILE_ERROR
codenet_cpp_human/p03738	9.1	REWRITTEN_COMPILE_ERROR	UNCHANGED	COMPILE_ERROR
codenet_cpp_human/p03738	9.3	REWRITTEN_COMPILE_ERROR	UNCHANGED	COMPILE_ERROR
codenet_cpp_human/p03744	2.1	REWRITTEN_BEHAVIOUR_DIFFERS(0,1,2,3,4,5,6,7,8,9,10)	UNCHANGED	TIMEOUT
codenet_cpp_human/p03766	4.1	REWRITTEN_COMPILE_ERROR	UNCHANGED	COMPILE_ERROR
codenet_cpp_human/p03820	4.5	REWRITTEN_COMPILE_ERROR	UNCHANGED	COMPILE_ERROR
codenet_cpp_human/p03840	4.5	REWRITTEN_COMPILE_ERROR	UNCHANGED	COMPILE_ERROR
