cohort	style	pair	applicable	original_pass	rewritten_pass	regressions	fixed	harness_status	regression_examples
MBJSP_G	2.1	self_assignment	1	1	1	0	0	0	
MBJSP_G	2.2	self_assignment	8	7	7	0	0	0	
MBJSP_G	2.3	equal_to_not_equal	41	36	36	0	0	0	
MBJSP_G	2.5	not_equal_to_equal	17	17	17	0	0	0	
MBJSP_G	2.8	reverse_compare	21	16	16	0	0	0	
MBJSP_G	2.11	equal_hash_reverse	4	4	4	0	0	0	
MBJSP_G	2.12	equal_hash_reverse	13	10	10	0	0	0	
MBJSP_G	2.13	not_equal_hash_reverse	2	2	2	0	0	0	
MBJSP_G	2.14	not_equal_hash_reverse	4	4	4	0	0	0	
MBJSP_G	3.1	update_reverse	35	28	28	0	0	0	
MBJSP_G	6.1	declare	6	4	4	0	0	0	
MBJSP_G	6.2	declare	22	19	19	0	0	0	
MBJSP_G	7.2	loop_form	12	10	10	0	0	0	
MBJSP_G	14.2	branch_order	8	8	8	0	0	0	
MBJSP_G	15.2	conditional_order	7	6	6	0	0	0	
MBJSP_G	16.2	nested_condition	1	1	1	0	0	0	
MBJSP_G	18.2	void_return	4	3	3	0	0	0	
MBJSP_G	19.2	member_access	79	68	68	0	0	0	
MBJSP_G	20.1	else_after_return	2	2	2	0	0	0	
MBJSP_G	24.2	arrow_body	23	18	18	0	0	0	
MBJSP_G	25.1	const_let	5	4	4	0	0	0	
MBJSP_G	25.2	const_let	42	37	37	0	0	0	
MBJSP_G	27.1	power	2	2	2	0	0	0	
MBJSP_G	28.2	global_alias	2	1	1	0	0	0	
MBJSP_G	29.2	undefined_literal	1	0	0	0	0	0	
MBJSP_H	2.1	self_assignment	8	7	7	0	0	0	
MBJSP_H	2.2	self_assignment	79	73	73	0	0	0	
MBJSP_H	2.3	equal_to_not_equal	368	331	331	0	0	0	
MBJSP_H	2.5	not_equal_to_equal	68	55	55	0	0	0	
MBJSP_H	2.7	reverse_compare	1	1	1	0	0	0	
MBJSP_H	2.8	reverse_compare	98	90	90	0	0	0	
MBJSP_H	2.11	equal_hash_reverse	78	75	75	0	0	0	
MBJSP_H	2.12	equal_hash_reverse	128	122	122	0	0	0	
MBJSP_H	2.13	not_equal_hash_reverse	9	9	9	0	0	0	
MBJSP_H	2.14	not_equal_hash_reverse	9	8	8	0	0	0	
MBJSP_H	3.1	update_reverse	310	273	273	0	0	0	
MBJSP_H	3.2	update_reverse	1	0	0	0	0	0	
MBJSP_H	6.1	declare	4	3	3	0	0	0	
MBJSP_H	6.2	declare	122	105	105	0	0	0	
MBJSP_H	7.2	loop_form	36	33	33	0	0	0	
MBJSP_H	14.2	branch_order	26	19	19	0	0	0	
MBJSP_H	15.2	conditional_order	59	52	52	0	0	0	
MBJSP_H	16.2	nested_condition	14	13	13	0	0	0	
MBJSP_H	18.2	void_return	120	96	96	0	0	0	
MBJSP_H	19.2	member_access	598	474	474	0	0	0	
MBJSP_H	20.1	else_after_return	5	5	5	0	0	0	
MBJSP_H	20.2	else_after_return	2	2	2	0	0	0	
MBJSP_H	24.1	arrow_body	1	1	1	0	0	0	
MBJSP_H	24.2	arrow_body	107	79	79	0	0	0	
MBJSP_H	25.1	const_let	103	82	82	0	0	0	
MBJSP_H	25.2	const_let	62	46	46	0	0	0	
MBJSP_H	27.1	power	3	2	2	0	0	0	
MBJSP_H	27.2	power	8	8	8	0	0	0	
MBJSP_H	28.2	global_alias	17	12	12	0	0	0	
